ip_address,customer_id,order_date
118.99.118.196,62,2025-05-08 22:36:36
118.99.118.196,63,2025-05-08 22:53:26
118.99.118.196,64,2025-05-08 22:56:25
118.99.118.196,65,2025-05-08 22:59:51
118.99.118.196,66,2025-05-08 23:02:06
118.99.118.196,67,2025-05-08 23:10:21
118.99.118.196,68,2025-05-08 23:12:14
118.99.118.196,69,2025-05-08 23:19:30
118.99.118.196,70,2025-05-08 23:23:15
118.99.118.196,71,2025-05-08 23:25:58
118.99.118.196,72,2025-05-08 23:28:35
118.99.118.196,73,2025-05-08 23:30:49
114.10.137.72,23,2025-05-09 14:08:55
114.10.137.72,28,2025-05-09 14:14:17
114.10.137.72,31,2025-05-09 14:17:37
114.10.137.72,34,2025-05-09 14:20:17
114.10.137.72,39,2025-05-09 14:23:08
114.10.137.72,40,2025-05-09 14:26:15
114.10.137.72,42,2025-05-09 14:28:54
114.10.137.72,44,2025-05-09 14:31:28
114.10.137.72,45,2025-05-09 14:34:08
114.10.137.72,46,2025-05-09 14:36:31
114.10.137.72,50,2025-05-09 14:39:27
114.10.137.72,52,2025-05-09 14:41:49
118.99.64.211,14,2025-05-09 15:25:46
118.99.64.211,16,2025-05-09 15:34:35
118.99.64.211,21,2025-05-09 15:37:30
118.99.64.211,24,2025-05-09 15:39:17
118.99.64.211,27,2025-05-09 15:41:10
118.99.64.211,29,2025-05-09 15:42:53
118.99.64.211,30,2025-05-09 15:44:29
118.99.64.211,32,2025-05-09 15:46:05
118.99.64.211,33,2025-05-09 15:48:01
118.99.64.211,35,2025-05-09 15:49:50
118.99.64.211,37,2025-05-09 15:51:23
118.99.64.211,38,2025-05-09 15:53:50
180.242.232.29,20,2025-05-09 16:31:12
180.242.232.29,22,2025-05-09 16:34:01
180.242.232.29,26,2025-05-09 16:38:41
180.242.232.29,41,2025-05-09 16:48:14
180.242.232.29,43,2025-05-09 16:50:32
180.242.232.29,47,2025-05-09 16:53:57
180.242.232.29,49,2025-05-09 16:55:54
180.242.232.29,51,2025-05-09 16:59:00
103.3.221.19,86,2025-05-09 17:00:25
180.242.232.29,54,2025-05-09 17:01:14
180.242.232.29,56,2025-05-09 17:02:46
180.242.232.29,58,2025-05-09 17:04:14
103.3.221.19,87,2025-05-09 17:28:14
103.3.221.19,88,2025-05-09 17:33:43
103.3.221.19,89,2025-05-09 17:38:08
103.3.221.19,90,2025-05-09 17:42:15
103.154.110.177,15,2025-05-10 04:02:09
103.154.110.177,19,2025-05-10 04:13:21
103.154.110.177,25,2025-05-10 04:15:20
103.154.110.177,36,2025-05-10 04:17:23
103.154.110.177,48,2025-05-10 04:19:47
103.154.110.177,53,2025-05-10 04:21:20
103.154.110.177,55,2025-05-10 04:23:03
103.154.110.177,57,2025-05-10 04:26:25
103.154.110.177,59,2025-05-10 04:34:28
103.154.110.177,60,2025-05-10 04:42:13
103.154.110.177,61,2025-05-10 04:44:00
180.243.107.39,58,2025-05-10 05:59:01
180.243.107.39,98,2025-05-10 06:01:07
180.243.107.39,99,2025-05-10 06:03:14
180.243.107.39,100,2025-05-10 06:04:51
180.243.107.39,101,2025-05-10 06:06:21
180.242.235.124,74,2025-05-10 06:06:27
180.243.107.39,102,2025-05-10 06:08:56
180.242.235.124,75,2025-05-10 06:11:13
180.243.107.39,103,2025-05-10 06:11:41
180.243.107.39,104,2025-05-10 06:14:01
180.242.235.124,76,2025-05-10 06:14:06
180.243.107.39,105,2025-05-10 06:16:13
180.242.235.124,77,2025-05-10 06:18:13
180.243.107.39,106,2025-05-10 06:18:40
180.242.235.124,78,2025-05-10 06:21:33
180.243.107.39,108,2025-05-10 06:21:58
180.242.235.124,79,2025-05-10 06:23:31
180.242.235.124,80,2025-05-10 06:27:14
180.243.107.39,107,2025-05-10 06:28:58
180.242.235.124,81,2025-05-10 06:29:50
180.242.235.124,82,2025-05-10 06:31:48
180.243.107.39,109,2025-05-10 06:32:18
180.242.235.124,83,2025-05-10 06:34:45
180.243.107.39,98,2025-05-10 06:34:46
180.243.107.39,99,2025-05-10 06:35:39
180.242.235.124,84,2025-05-10 06:36:37
180.243.107.39,100,2025-05-10 06:36:48
180.242.235.124,85,2025-05-10 06:38:55
180.243.107.39,101,2025-05-10 06:40:57
180.243.107.39,101,2025-05-10 06:43:32
180.243.107.39,102,2025-05-10 06:45:01
180.243.107.39,103,2025-05-10 07:10:30
180.243.107.39,104,2025-05-10 07:12:41
180.243.107.39,105,2025-05-10 07:13:51
180.243.107.39,105,2025-05-10 07:15:40
180.243.107.39,106,2025-05-10 07:17:02
180.243.107.39,108,2025-05-10 07:18:16
180.243.107.39,107,2025-05-10 07:19:43
180.243.107.39,109,2025-05-10 07:20:38
180.248.184.92,90,2025-05-10 07:50:35
180.248.184.92,91,2025-05-10 07:54:18
180.248.184.92,92,2025-05-10 07:56:18
180.248.184.92,93,2025-05-10 08:01:50
180.248.184.92,94,2025-05-10 08:08:08
180.248.184.92,95,2025-05-10 08:10:36
180.248.184.92,96,2025-05-10 08:13:52
180.248.184.92,97,2025-05-10 08:17:14
